 ,Velocity,LanePos,Speed,Steer,Accel,Brake,LongAccel,HeadwayTime,Headwaydist,User,Mode,Speed,Number of Errors,Response Time,Number of Steps
0,11.464075,0.26655000000000006,11.110999999999994,4.032500000000001,0.18250000000000005,0.30355000000000004,0.600525,3.722924999999999,82.33849999999998,1,1,19.56165789473685,0,9.29,4
1,18.122899999999998,0.18510000000000004,10.833224999999995,-12.469999999999999,0.18552500000000002,0.03244999999999999,-0.153975,3.952299999999999,83.419275,1,1,16.48636842105263,0,8.63,4
2,19.172775,0.31884999999999997,18.110824999999995,-7.952500000000001,0.23095,0.010425,0.13017499999999996,1.218175,19.790874999999996,1,1,19.956342105263154,1,8.98,3
3,14.16265,-0.017025,11.444324999999994,-0.475,0.0485,0.0106,-0.34097500000000003,3.312,50.94417499999999,1,1,11.710263157894737,0,3.74,3
4,7.8264,0.229925,11.110999999999994,-15.489999999999998,0.06792499999999999,0.018750000000000003,-0.06720000000000001,5.847625,17.858325,1,1,7.770394736842103,0,2.29,2
5,16.616225000000004,0.026224999999999988,7.222149999999997,-1.395,0.468025,0.004399999999999999,0.49779999999999996,1.73835,16.183024999999997,1,1,16.478026315789474,0,4.29,2
6,13.17023094555873,-0.16765329512894084,24.42999197707784,0.10762177650429745,0.19638510028653197,0.0,0.5495885386819497,56.78549684813744,92.25437191977075,1,2,23.362260319207493,0,4.41,4
7,16.110432664756445,-0.38628137535816626,24.44400000000048,-0.09392550143266441,0.1124538681948434,0.0,-0.030382808022922654,0,0,1,2,34.93964226747386,0,5.17,4
8,16.363024068767917,-0.32289684813753555,24.44400000000048,-1.7856160458452717,0.1378292263610287,0.0,0.07872779369627506,0.713248710601719,12.264649283667625,1,2,38.007719867914105,0,5.4,3
9,17.53299770773638,0.5799650429799423,23.30935014326681,-9.484928366762258,0.23101547277936937,0.0,0.17709742120343838,7.823553581661902,137.47989512893977,1,2,36.8830588882774,0,3.01,3
10,33.55176045845275,-0.011533524355300893,24.44400000000048,0.026532951289399673,0.9042601719197695,0.0,0.5912017191977101,3.552646991404007,107.39363323782246,1,2,36.2678370941111,0,1.75,2
11,35.91555759312323,0.25666017191977114,23.085221776504603,-13.49633237822389,0.6938733524355265,0.0,0.09720630372492849,1.007036103151862,32.733595988538696,1,2,34.75037259218493,1,9.87,2
12,12.954666666666666,0.22920000000000001,11.110999999999995,3.0766666666666667,0.2918000000000001,0.17700000000000002,0.7892666666666666,0,0,1,3,18.90579310344827,0,4.16,4
13,12.299100000000005,0.03653333333333333,11.110999999999995,2.1133333333333337,0.023866666666666665,0.046,-0.6613333333333332,7.2155000000000005,7.277866666666668,1,3,9.164034482758622,0,3.42,4
14,15.376299999999999,-0.18246666666666667,11.110999999999995,-19.67666666666667,0.17863333333333334,0.009433333333333334,0.2905666666666665,0.20393333333333336,1.6267,1,3,15.10155172413793,0,2.54,3
15,15.25003333333333,-0.0025999999999999977,20.88853333333333,-9.613333333333335,0.17736666666666664,0.02366666666666667,0.1027999999999999,1.0557666666666667,18.13936666666667,1,3,16.54648275862069,0,4.34,3
16,14.344033333333336,-0.05343333333333332,15.555333333333325,-1.4933333333333332,0.1743,0.0216,0.18003333333333332,1.7774333333333336,27.346600000000002,1,3,14.982931034482759,0,1.57,2
17,13.732333333333333,0.2676666666666666,11.110999999999995,-17.63000000000001,0.1036,0.026500000000000003,-0.27819999999999995,2.3998000000000004,34.4788,1,3,13.144793103448272,0,2.6,2
18,13.678911764705884,-0.07676470588235293,11.110999999999995,0.3411764705882353,0.2635294117647059,0.01852941176470588,0.7332352941176472,0.819735294117647,18.789852941176466,2,1,13.200259259259258,0,5.09,4
19,15.344176470588236,-0.024264705882352945,11.110999999999995,-15.738235294117644,0.10355882352941176,0.04170588235294118,-0.48782352941176466,0.7672941176470588,18.336705882352945,2,1,19.6082962962963,0,4.58,4
20,19.6555,-0.08770588235294119,14.640323529411766,-5.141176470588237,0.19976470588235298,0.0,0.29076470588235287,0.35055882352941176,3.7052058823529412,2,1,11.583111111111112,0,2.58,3
21,19.83964705882353,-0.31823529411764695,16.99320588235294,-6.608823529411764,0.13599999999999998,0.007911764705882354,-0.2596470588235294,2.1595588235294123,43.959500000000006,2,1,19.694518518518517,0,5.33,3
22,9.29855882352941,-0.03161764705882356,11.110999999999995,1.3558823529411765,0.08382352941176471,0.03741176470588235,-0.2714411764705882,19.98985294117647,15.067470588235294,2,1,16.37233333333333,0,1.36,2
23,4.755237615787357,1.2413616592831325,24.434155457109608,-3.5520741039065533,0.1245360451067259,0.0028477648006443855,0.5190366492146594,0,28.415948852194905,2,1,9.445296296296297,0,3.72,2
24,26.108756343133248,-0.3456528393072891,24.44400000000127,-0.5198952879581155,0.2403137333870333,0.0,0.09603262182843315,0,0,2,2,10.870646070192784,0,5,4
25,23.383076520338385,-0.27694885219492577,24.44400000000127,-6.769472412404312,0.2213129279097852,0.0,0.026548127265404172,0,0,2,2,22.533027681660908,0,5.73,4
26,27.325678211840543,-0.24131051147805052,24.44400000000127,-8.51171969391864,0.3015944422070071,0.0,0.09309786548529973,0,0,2,2,26.264284725654896,0,3.18,3
27,26.2942327829239,0.2980406766008859,24.434155457109608,-0.18022553362867524,0.21905718888441617,0.006317760773258152,-0.41456061216270634,0,0,2,2,28.0420850222442,0,3.05,3
28,11.048102941176468,-0.07164705882352942,11.110999999999994,0.7102941176470586,0.1385294117647059,0.023867647058823528,0.07113235294117658,0.6929264705882353,2.429970588235294,2,2,28.067464656450838,0,14.71,2
29,16.231705882352944,-0.27013235294117655,16.404985294117647,-12.407352941176478,0.24450000000000002,0.03035294117647059,0.24501470588235316,1.2815294117647065,19.191161764705875,2,2,28.263288680178125,2,3.17,2
30,15.39948529411765,-0.03033823529411764,11.110999999999994,-9.452941176470583,0.20117647058823535,0.04326470588235294,0.0564264705882353,8.19625,42.50799999999999,2,3,12.314965517241381,0,6.2,4
31,14.884176470588232,-0.10805882352941176,11.110999999999994,-15.9,0.16589705882352945,0.033632352941176474,-0.10786764705882354,0.3189705882352941,5.406235294117646,2,3,13.487275862068964,0,7.73,4
32,16.842602941176466,-0.10644117647058828,14.150117647058817,-6.1000000000000005,0.13694117647058823,0.02611764705882353,-0.18569117647058825,0,0,2,3,13.731,0,8.31,3
33,9.888951219512197,0.2287073170731707,11.110999999999994,-0.5902439024390242,0.14019512195121953,0.008682926829268292,0.4775121951219512,2.509487804878049,44.89224390243903,2,3,14.82375862068966,0,4.29,3
34,14.023024390243899,-0.052487804878048785,11.110999999999994,-6.7975609756097555,0.09236585365853658,0.024390243902439025,-0.35812195121951224,1.5598292682926829,13.861536585365856,2,3,14.458517241379313,0,3.14,2
35,15.828878048780489,-0.19675609756097562,14.037756097560973,-11.026829268292682,0.14643902439024392,0.0,0.21775609756097558,3.4039512195121953,40.768170731707315,2,3,11.11913793103448,0,3.18,2
36,14.259634146341458,-0.4569512195121949,17.07290243902439,-6.473170731707317,0.10468292682926826,0.013317073170731709,-0.1617317073170732,1.3584390243902438,17.164048780487807,3,1,13.771275862068968,0,4.54,4
37,9.682975609756097,-0.609951219512195,10.839999999999995,0.16585365853658537,0.05748780487804878,0.0,-0.07656097560975611,2.6985365853658543,26.149609756097554,3,1,16.93241379310345,0,5.24,4
38,5.610774091627171,1.111152448657205,24.434345971565286,-5.331990521327022,0.09366429699842053,0.07991903633491287,0.44365955766192805,0,27.866029225908353,3,1,10.145241379310345,0,2.84,3
39,16.383538704581355,-0.058184834123222666,24.444000000001306,0.016666666666666885,0.1098996840442334,0.0,-0.044238941548183565,0,0,3,1,16.77455172413793,0,3.36,3
40,17.940642575039526,-0.35757977883096376,24.444000000001306,-7.5710110584518,0.14394786729857886,0.0,0.029752369668246063,4.825017377567142,86.52746366508676,3,1,15.705103448275862,0,2.27,2
41,18.420224723538674,-0.24081161137440774,24.444000000001306,-0.26011058451816804,0.144860584518165,0.0,0.014694707740916297,1.1027097156398107,20.54128949447077,3,1,10.412517241379309,0,1.8,2
42,18.455787124802608,-0.4874403633491317,24.424691943129268,-5.985939968404448,0.14020616113744166,0.0,-0.004628751974723509,5.831788704581363,107.8165825434441,3,2,18.257292513368988,0,4.44,4
43,12.41564102564103,-0.3721538461538461,11.110999999999994,0.2538461538461538,0.13753846153846153,0.0,0.4192564102564106,0,0,3,2,28.022241176470608,0,4.97,4
44,9.221538461538461,-0.36466666666666664,11.110999999999994,-15.928205128205127,0.07505128205128206,0.025564102564102565,-0.11530769230769228,7.299358974358972,31.93735897435898,3,2,29.335921925133636,0,3.85,3
45,14.589307692307694,-0.29971794871794877,14.529717948717945,-2.31025641025641,0.16823076923076927,0.029102564102564104,0.08569230769230766,5.066820512820513,82.38800000000002,3,2,28.40787540106955,0,3.18,3
46,15.081794871794873,-0.6413076923076924,16.694897435897435,-6.971794871794871,0.14692307692307693,0.021538461538461538,-0.03158974358974356,3.348102564102564,51.911692307692306,3,2,29.220411764705936,0,2,2
47,10.357,-0.45946153846153864,10.541205128205123,-14.387179487179488,0.07784615384615383,0.02276923076923077,-0.19692307692307695,5.757615384615384,54.3643076923077,3,2,28.862486631016093,0,3.15,2
48,13.560773584905657,0.21915094339622637,11.110999999999994,0.39433962264150935,0.13533962264150945,0.0,0.3112830188679245,4.682698113207548,78.8997547169811,3,3,15.287879999999996,0,4.7,4
49,12.45932075471698,0.12471698113207551,11.110999999999994,-15.701886792452829,0.10556603773584906,0.02524528301886792,-0.030245283018867995,5.121,30.46866037735849,3,3,14.215839999999998,0,5.08,4
50,15.262641509433962,-0.5269245283018867,19.16111320754716,-6.443396226415094,0.10366037735849051,0.005264150943396227,-0.11254716981132075,0.8104339622641509,10.809830188679246,3,3,10.31112,0,2.47,3
51,8.658377358490567,-0.3622075471698115,10.062792452830184,-0.2773584905660378,0.06862264150943395,0.04847169811320755,-0.18811320754716981,5.4502075471698115,21.32733962264152,3,3,13.461159999999996,0,4.94,3
52,3.4059245283018873,0.17860377358490567,10.69171698113207,-17.301886792452823,0.03086792452830189,0.042169811320754716,0.05283018867924527,14.966094339622641,44.56877358490566,3,3,16.84944,0,2.01,2
53,10.121461214953246,0.8370957943925196,24.432577570094427,-0.45813084112149577,0.120413551401869,0.0,0.44667149532710243,69.6023364485981,37.34180373831777,3,3,11.60532,0,1.91,2
54,15.455016355140188,0.1749901869158877,24.44400000000097,0.1580841121495318,0.1092074766355152,0.0,-0.002784112149532683,0,0,4,1,9.72851282051282,1,10.38,4
55,17.553079906542056,0.09512196261682256,24.44400000000097,-6.90242990654206,0.1438102803738316,0.0,0.0854088785046728,0,0,4,1,14.612179487179487,1,14.59,4
56,19.312270560747695,0.32030327102803735,24.44400000000097,-2.0591121495327234,0.1694785046728971,0.0,0.0737070093457945,4.398920560747664,88.60413317757012,4,1,11.87553846153846,0,5.69,3
57,21.044726168224287,-0.052589719626168215,24.432577570094427,-0.37401869158878476,0.1319771028037376,0.0,-0.12410841121495338,7.391881308411221,153.59808831775683,4,1,17.539615384615388,0,4.16,3
58,10.102249999999998,-0.22112499999999996,11.110999999999994,-0.575,0.13057499999999997,0.0,0.4511250000000002,0,0,4,1,11.774333333333333,0,4.37,2
59,10.508825000000002,-0.20099999999999993,11.110999999999994,-16.347499999999997,0.078425,0.03774999999999999,-0.30217499999999986,6.109274999999999,28.720124999999996,4,1,6.775692307692308,1,3.56,2
60,11.429575000000003,0.10894999999999999,11.444324999999996,-0.11999999999999995,0.128925,0.013725000000000001,0.06545000000000001,6.414550000000001,87.65282499999998,4,2,12.374140748550328,0,13.33,4
61,13.727375000000004,-0.35345,22.444049999999987,-9.5125,0.1669,0.0424,0.03445000000000006,3.7619750000000005,56.037074999999994,4,2,16.603574591460205,1,7.3,4
62,10.382350000000002,-0.49970000000000014,10.277674999999995,-0.1100000000000001,0.057199999999999994,0.01225,-0.3217,5.877225,62.682175000000015,4,2,18.00365471797574,1,12.66,3
63,11.517511627906977,0.5493488372093024,11.110999999999994,0.706976744186047,0.14016279069767446,0.0,0.4796046511627907,4.713790697674418,82.89530232558138,4,2,19.167594095940974,0,3.47,3
64,13.847930232558134,-0.14051162790697677,9.56062790697674,-11.64418604651163,0.128953488372093,0.0233953488372093,-0.08723255813953482,1.8453023255813954,30.52451162790698,4,2,27.02006800210859,0,5.35,2
65,16.590441860465113,0.7153720930232557,17.62246511627906,-5.690697674418605,0.11020930232558142,0.0,-0.04004651162790697,0.33874418604651163,5.469976744186047,4,2,21.452677912493463,0,4.32,2
66,14.876279069767445,0.27525581395348836,8.888744186046509,-1.9813953488372094,0.1172325581395349,0.0,0.05123255813953487,0.5195813953488372,8.240232558139535,4,3,14.510285714285718,0,9.17,4
67,12.872209302325585,-0.06883720930232556,5.426302325581394,-15.304651162790702,0.13237209302325584,0.016720930232558138,0.042906976744186046,1.8310000000000002,20.21511627906977,4,3,9.285190476190476,1,19.05,4
68,11.577581727574731,1.1364933554817251,24.435879069769037,-1.393687707641179,0.1203126245847174,0.0,0.30445249169435173,62.490704318936864,24.19959468438537,4,3,17.020333333333337,1,12.54,3
69,18.372190033222573,0.5521382059800679,24.444000000001598,-4.133853820598001,0.13657475083056425,0.0,-0.00876146179402008,3.179215614617943,58.9185621262458,4,3,13.760309523809523,0,3.33,3
70,17.68389435215938,0.5113578073089721,24.444000000001598,-2.0750498338870274,0.14512059800664462,0.0,0.06054318936877075,0.9479345514950166,15.806778073089706,4,3,11.091071428571428,0,4.87,2
71,18.172605980066486,0.3932096345514952,24.444000000001598,-6.208704318936876,0.140751495016611,0.0021887043189368774,-0.016750830564784245,5.825705980066445,104.02279568106312,4,3,9.338952380952382,0,3.85,2
72,17.360148837209348,0.27754551495016655,24.444000000001598,-0.6930564784053248,0.1359069767441859,0.01396079734219268,-0.14928737541528256,5.330598671096338,93.82424850498359,5,1,12.783705882352942,0,10.56,4
73,11.587325,0.03137500000000002,11.110999999999994,0.3574999999999998,0.159925,0.0,0.47562499999999985,0,0,5,1,15.205794117647057,0,8.01,4
74,13.2977,-0.008650000000000047,11.110999999999994,-16.777499999999996,0.146075,0.040425,-0.05257500000000005,1.3912749999999998,20.288525,5,1,0.49811764705882355,0,3.77,3
75,15.548675,0.08455000000000001,19.11079999999999,-7.325,0.09237499999999998,0.0,-0.07862500000000003,0.9196250000000001,15.7981,5,1,11.662823529411767,0,4.2,3
76,16.080225,0.017925000000000014,8.055424999999996,-5.135,0.12684999999999996,0.018525,-0.14552500000000002,0.0054,0.079275,5,1,16.680235294117647,1,5.23,2
77,9.88115,-0.324225,11.110999999999994,-11.395000000000001,0.10065000000000002,0.07785,-0.22949999999999995,475.1781749999999,85.11925,5,1,12.710382352941178,0,2.19,2
78,13.028460526315792,0.3745921052631578,10.672407894736835,-7.4144736842105265,0.12764473684210526,0.01767105263157895,0.08646052631578953,3.4511710526315786,55.945592105263145,5,2,9.90085039370078,0,9.69,4
79,21.091302631578955,0.06901315789473686,13.742499999999993,-5.765789473684211,0.21419736842105264,0.0,0.2360131578947368,5.870381578947368,75.23290789473687,5,2,25.525191076115586,0,16.41,4
80,13.190381578947369,0.15160526315789472,6.1402894736842075,-17.669736842105262,0.11355263157894734,0.02805263157894737,-0.15280263157894738,3.4135,31.573644736842112,5,2,26.92852598425195,0,5.12,3
81,16.815513157894735,0.3067368421052632,10.818605263157888,-10.180263157894737,0.18672368421052626,0.018184210526315785,0.1333815789473685,1.2802368421052632,16.332065789473685,5,2,27.7673863517061,0,4.78,3
82,7.178519230769225,1.0713712715855586,24.43440659340791,-0.9334379905808553,0.08635910518053436,0.0,0.34930416012558896,243.41280651491365,27.780052982731547,5,2,26.093607349081378,0,2.37,2
83,18.082363029827313,0.5363308477237044,24.444000000001317,0.07868916797488268,0.15637480376765733,0.0,0.11609733124018817,0.61246978021978,11.567666012558867,5,2,26.047402099737546,0,2.28,2
84,20.3719952904239,0.5728999215070656,24.444000000001317,-7.282810047095753,0.16487519623233945,0.0,0.023884615384615962,0.25504434850863417,5.1883818681318665,5,3,12.09221052631579,0,2.42,4
85,21.273858320251197,0.5453155416012566,24.444000000001317,-0.11907378335949753,0.1761126373626375,0.0,0.03133908948194694,0.012079670329670328,0.2639972527472528,5,3,16.423052631578948,0,5.9,4
86,20.925253139717423,0.5556028257456828,24.444000000001317,-7.6405023547880875,0.16391562009418956,0.0,-0.0073190737833595245,3.1103551805337526,64.3634544740973,5,3,16.40463157894737,0,3.85,3
87,8.450186046511627,0.3127209302325582,11.110999999999994,-0.4302325581395348,0.09544186046511628,0.0,0.3345348837209302,0,0,5,3,5.356315789473684,0,3.12,3
88,8.883744186046512,0.9199069767441862,11.110999999999994,-21.058139534883722,0.06493023255813954,0.09869767441860465,-0.34811627906976744,24.866511627906977,6.897116279069767,5,3,9.908263157894735,0,2.95,2
89,7.07374418604651,0.7626511627906978,11.110999999999994,-13.418604651162791,0.08376744186046513,0.09153488372093024,0.33874418604651163,8.860488372093023,61.111534883720935,5,3,13.746052631578948,0,2.3,2
90,13.870581395348834,0.7859302325581394,19.17281395348836,-6.686046511627907,0.14776744186046512,0.012,0.10951162790697672,3.102186046511629,45.292348837209296,6,1,17.918121212121214,0,8.34,4
91,8.504674418604653,0.3821860465116279,13.333162790697667,-2.5093023255813955,0.08283720930232558,0.14341860465116277,-0.43825581395348834,73.17555813953489,64.86976744186046,6,1,13.502848484848485,0,11.58,3
92,10.322599999999998,0.21391428571428556,11.110999999999995,1.6942857142857144,0.12820000000000004,0.12817142857142858,0.47859999999999986,3.4890571428571433,65.37751428571428,6,1,20.55812121212121,1,14.47,3
93,16.016028571428574,-0.10477142857142857,11.110999999999995,0.04285714285714286,0.10468571428571428,0.0054571428571428575,-0.12899999999999998,8.295685714285717,130.61254285714287,6,1,19.209787878787875,0,1.97,2
94,15.857514285714283,0.21162857142857142,11.110999999999995,-14.765714285714287,0.16622857142857142,0.0,0.23625714285714286,4.647485714285715,74.71522857142857,6,1,8.986818181818183,0,6.11,2
95,19.731857142857148,-0.05197142857142855,20.634571428571423,-8.848571428571429,0.14794285714285715,0.0,-0.019342857142857158,0.6646285714285715,13.194942857142856,6,2,21.39124906890131,0,3.61,4
96,12.670342857142858,0.40474285714285707,11.110999999999995,-0.2942857142857142,0.0934857142857143,0.03045714285714286,-0.3278857142857143,1.7602571428571425,21.338114285714287,6,2,25.493155027932957,0,4.65,3
97,4.176114285714285,0.2708857142857144,8.888799999999996,-8.4,0.05157142857142857,0.049571428571428565,-0.021771428571428636,15.583257142857146,30.522057142857147,6,2,23.783282588454423,0,5.11,3
98,10.726145041705278,0.8781153846153825,24.432672845228048,1.0634847080630168,0.1590101946246523,0.08476691380908263,0.5729073215940692,61.37272150139014,33.55629101019465,6,2,27.958170391061465,0,3.28,2
99,18.393417979610735,0.39969555143651364,24.44400000000099,-0.1788229842446698,0.14624050046339188,0.007239110287303061,-0.04786005560704362,0,0,6,2,26.063718808193677,0,2.38,2
100,23.145987025023125,-0.2361237256719184,23.809679332716385,-8.802316960148264,0.20867191844300262,0.0,0.12758572752548664,0.11642539388322516,2.861343373493975,6,3,14.870859374999997,2,8.18,4
101,24.418046802595,0.12703151065801652,24.44400000000099,-0.117747914735867,0.2178053753475417,0.0,0.07481835032437427,0.5592998146431879,14.245379981464316,6,3,17.576281250000005,1,14.06,3
102,19.136866079703434,-0.2646075069508809,24.44400000000099,-9.158109360518996,0.09452085264133375,0.0006047265987025025,-0.1881204819277106,5.868225208526411,114.14393883225202,6,3,14.879859374999999,0,8.65,3
103,20.120160797034277,0.07517377201112155,24.44400000000099,0.015662650602409893,0.13462326227988833,0.0,-0.035344300278034924,0,0,6,3,14.544437499999997,0,2.64,2
104,7.533257142857141,0.3032,11.110999999999995,-0.07142857142857127,0.10977142857142859,0.0652857142857143,0.4566571428571429,0,0,6,3,17.18496875,1,3.97,2
105,13.990485714285713,0.6428285714285714,11.110999999999995,6.382857142857143,0.11748571428571426,0.04574285714285714,-0.4241428571428571,2.3419999999999996,6.876285714285715,7,1,16.781842105263163,0,4.6,4
106,12.382657142857143,-0.03948571428571431,11.110999999999995,-20.571428571428573,0.15082857142857137,0.0,0.42245714285714286,2.069771428571429,12.068257142857144,7,1,11.579421052631579,1,7.91,3
107,13.727942857142855,-0.23299999999999998,21.777399999999993,-9.322857142857142,0.13597142857142855,0.03171428571428571,-0.09897142857142854,4.127228571428572,60.40839999999999,7,1,17.060578947368416,1,29.1,3
108,14.841542857142858,0.16685714285714284,15.301371428571422,-1.5257142857142858,0.15928571428571428,0.024,0.05160000000000004,3.193714285714286,50.7837142857143,7,1,13.71207894736842,0,1.93,2
109,8.242628571428572,0.33025714285714264,10.793542857142853,-13.371428571428568,0.08037142857142858,0.05568571428571429,-0.3731142857142856,9.466085714285716,82.10022857142856,7,1,9.577,0,2.74,2
110,13.024457142857143,-0.14728571428571427,11.110999999999995,-0.057142857142857134,0.1857428571428571,0.04271428571428572,0.5823428571428572,1.184142857142857,24.39077142857143,7,2,14.698911751662976,0,8.58,4
111,13.979942857142857,0.06568571428571429,11.110999999999995,0.4028571428571429,0.13357142857142854,0.04885714285714286,-0.5072857142857142,25.209057142857148,52.14465714285715,7,2,16.373646563192924,0,6.07,3
112,15.626028571428574,-0.5230285714285715,11.491942857142853,-16.64,0.2899142857142857,0.008114285714285713,0.7026,0.553257142857143,3.529114285714286,7,2,18.227105986696266,0,3.8,3
113,22.044800000000002,-0.4429428571428571,19.491742857142853,-8.294285714285717,0.14465714285714287,0.0,-0.1151428571428571,1.4962857142857144,31.69085714285715,7,2,18.5121365853658,0,1.4,2
114,11.499457142857146,-0.0857714285714286,11.110999999999995,-0.25428571428571445,0.05102857142857143,0.031599999999999996,-0.5705142857142858,1.2074857142857145,16.43974285714286,7,2,18.434257649667355,0,2.55,2
115,10.030457142857147,0.029542857142857124,11.110999999999995,-28.334285714285713,0.13122857142857142,0.016457142857142858,0.18337142857142866,5.191428571428573,30.524942857142847,7,3,14.884921052631578,2,13.11,4
116,12.145018726591752,0.5952648475120362,24.43092134831526,-0.22011771000534971,0.1804622792937391,0.0,0.6474981273408237,150.308167469235,34.08957089352594,7,3,8.814236842105265,0,5.15,3
117,21.324455323702544,0.004472980203317293,24.444000000000656,-0.14456928838951275,0.18034884965221887,0.0,0.025074371321562584,0,0,7,3,14.910578947368423,0,4.18,3
118,19.6470278223649,-0.2379871589085075,24.444000000000656,-10.158480470840058,0.14470358480470755,0.0,-0.02604975922953466,0,0,7,3,14.968394736842107,1,6.33,2
119,23.310163723916553,-0.2857811663991437,24.444000000000656,-0.1662921348314614,0.24257410379882413,0.0,0.13125682182985568,0,0,7,3,9.922842105263161,0,2.5,2
120,25.490790797217755,-0.033693953986088716,24.444000000000656,-6.054200107009081,0.22830765115034699,0.0,0.04125093632958807,0,0,8,1,14.505961538461538,0,5.75,4
121,27.717214553236957,-0.3541824505082935,24.43092134831526,-4.358159443552711,0.29529373996789865,0.0,0.10485767790262196,0.9240219368646334,24.269136436597105,8,1,12.31382692307692,1,18.95,3
122,11.572,-0.2378888888888889,11.110999999999997,0.27777777777777785,0.22977777777777783,0.0,0.8394074074074074,0,0,8,1,15.25675,0,3.04,3
123,16.134592592592593,-0.15355555555555547,11.110999999999997,-0.7444444444444444,0.09470370370370368,0.0917037037037037,-0.9007407407407407,9.341481481481482,6.573666666666667,8,1,8.824884615384615,0,2.43,2
124,11.883814814814812,0.3252222222222223,11.110999999999997,-19.951851851851853,0.23581481481481475,0.04666666666666667,0.8368148148148147,22.604259259259248,48.50544444444444,8,1,3.471423076923078,0,3.11,2
125,17.451592592592593,-0.15822222222222224,20.493481481481485,-7.777777777777778,0.1593703703703704,0.03125925925925926,-0.20303703703703715,0.5469259259259259,13.54225925925926,8,2,13.319034146341453,2,16.96,4
126,14.940074074074074,-0.29718518518518516,17.530592592592587,-6.144444444444442,0.14796296296296296,0.033296296296296296,-0.09518518518518523,1.258,16.3717037037037,8,2,15.471383902439008,0,4.18,3
127,11.881444444444444,-0.15081481481481482,11.110999999999997,-1.6,0.10640740740740741,0.03303703703703703,-0.24451851851851847,3.750592592592593,45.58344444444444,8,2,17.85931365853657,0,4.54,3
128,14.766102564102566,-0.21623076923076917,11.110999999999994,-1.3974358974358974,0.26351282051282054,0.015153846153846153,0.46158974358974364,0.5547692307692308,10.08723076923077,8,2,19.46470097560978,0,2.41,2
129,10.786076923076925,-0.05448717948717958,10.541205128205123,-13.864102564102565,0.08971794871794873,0.0981025641025641,-0.2896153846153846,2.7256666666666662,36.25771794871794,8,2,21.037148780487787,0,2.47,2
130,23.237307692307695,-0.057435897435897464,15.897205128205124,-8.94871794871795,0.5345897435897435,0.0,0.6456410256410257,1.8819230769230764,35.18379487179487,8,3,14.615052631578946,0,6.9,4
131,16.027820512820515,-0.35756410256410254,11.794743589743582,-0.030769230769230767,0.08812820512820514,0.027641025641025642,-0.5767179487179488,1.8224102564102564,27.587615384615383,8,3,8.837684210526318,0,4.64,3
132,9.105384615384615,0.005897435897435934,10.541205128205123,-18.964102564102564,0.0927948717948718,0.02441025641025641,-0.009256410256410256,7.811205128205133,25.587564102564098,8,3,11.620368421052634,0,3.11,3
133,9.001948717948714,-0.39317948717948714,10.256307692307688,0.03846153846153845,0.05661538461538461,0.0,-0.050051282051282064,2.70625641025641,25.22825641025641,8,3,13.85521052631579,0,1.81,2
134,17.04439,0.3944061538461509,24.434598461539814,0.4952307692307648,0.23873461538461285,0.0,0.6072092307692327,119.50793461538473,30.339681153846154,8,3,10.177289473684212,0,2.46,2
135,27.023119615384584,-0.016655384615384503,24.444000000001356,-7.5957307692307925,0.2689834615384615,0.0,0.0695615384615387,0,0,9,1,15.696066666666667,0,25.24,4
136,29.772261153846156,0.21392423076923123,24.444000000001356,-5.089500000000006,0.3056007692307705,0.0,0.05928961538461528,0.9074176923076914,27.645538076923067,9,1,16.722316666666668,0,6.45,3
137,30.311991153846165,-0.07504769230769248,24.444000000001356,-3.0071153846153784,0.2928865384615358,0.0,0.02807615384615378,3.29870846153846,100.12217115384621,9,1,15.804366666666668,0,12.21,2
138,30.247815384615706,-0.02329115384615372,24.444000000001356,-8.240038461538543,0.2995419230769266,0.0,0.008515384615384536,1.4286130769230774,43.6944234615385,9,1,16.662966666666662,0,3.24,2
139,27.75542461538463,-0.0762373076923077,24.434598461539814,-8.257153846153848,0.3171688461538456,0.0621603846153845,-0.665292307692308,0,0,9,2,10.127311529026972,1,10.28,4
140,15.043605263157895,-0.3396842105263158,11.110999999999995,-38.58157894736841,0.22276315789473689,0.0,0.6464473684210527,0,0,9,2,18.672477923139834,0,6.09,3
141,11.830526315789472,-0.02297368421052628,11.110999999999995,-14.131578947368412,0.1455789473684211,0.0526842105263158,-0.12057894736842112,17.176236842105265,14.238263157894735,9,2,20.456005314799643,0,4.4,3
142,17.97628947368421,-0.4154473684210526,19.53184210526315,-8.657894736842104,0.2152631578947368,0.03360526315789474,-0.059263157894736906,1.017526315789474,18.056447368421043,9,2,21.354136958299254,0,3.81,2
143,14.224052631578951,-0.3862368421052631,12.86534210526315,0.8552631578947366,0.1479473684210526,0.04539473684210526,-0.43963157894736843,1.8982631578947373,20.218894736842106,9,2,20.88450367947673,0,3.17,2
144,11.988342105263156,-0.28986842105263166,11.110999999999995,-14.452631578947367,0.18418421052631584,0.03181578947368421,0.3078421052631579,41.204184210526314,36.34221052631579,9,3,10.447785714285711,0,5.26,4
145,12.480342105263162,-0.04663157894736843,7.602263157894734,-5.286842105263159,0.21839473684210525,0.05915789473684211,-0.32147368421052636,3.3372894736842107,56.94892105263158,9,3,7.2987857142857155,0,5.54,3
146,10.914072727272725,-0.24296363636363633,11.110999999999994,-0.6945454545454545,0.11585454545454549,0.17196363636363637,0.30872727272727274,0.6967454545454546,8.717345454545455,9,3,8.289642857142857,1,2.06,3
147,6.589327272727272,0.20389090909090907,10.908981818181813,0.43272727272727285,0.0492,0.16054545454545457,-0.24527272727272723,0,13.298836363636362,9,3,14.10940476190476,1,3.25,2
148,15.78158181818182,0.004127272727272725,15.959363636363623,-16.334545454545456,0.15163636363636362,0.0,0.2508181818181817,0,0,9,3,7.751119047619049,1,8.19,2
149,14.895399999999997,-0.401290909090909,13.050345454545447,-1.3254545454545448,0.1249818181818182,0.037909090909090906,-0.3304545454545454,3.198563636363636,49.029272727272726,10,1,14.146119047619049,0,7.74,4
150,10.448327272727273,-0.2951636363636364,11.110999999999994,-11.849090909090904,0.08732727272727275,0.0,0.1804545454545454,4.4399999999999995,39.99016363636366,10,1,13.871285714285714,0,4.98,3
151,14.579818181818183,-0.33199999999999996,11.110999999999994,-10.114545454545453,0.15243636363636365,0.002018181818181818,0.1951818181818182,0.48381818181818176,5.825236363636362,10,1,16.344047619047622,0,5.12,3
152,12.09184786937476,0.7128825169255297,24.434265232976202,-2.390123456790129,0.1643874950219045,0.1418833134209481,0.5368634010354468,0,28.098511748307462,10,1,14.98826190476191,0,4.2,2
153,19.26342174432492,0.041180406212664424,24.444000000001292,-1.0072082835523688,0.1359235364396642,0.0,-0.05098805256869804,0.15964595778574267,3.2190800477897255,10,1,12.014238095238097,0,2.76,2
154,21.538607726005626,-0.28343926722421453,24.444000000001292,-6.629788928713683,0.19269892473118344,0.0,0.04287654320987653,0,0,10,2,14.181570543702652,1,12.24,4
155,22.218251294305073,0.02698884906411764,24.444000000001292,-3.9635205097570623,0.18792273994424522,0.0,0.03403863002787736,1.0334030266825962,23.52848825169254,10,2,18.40251927047486,2,14.48,3
156,21.785853843090422,-0.23728912783751582,24.444000000001292,-3.9608124253285393,0.1693600159299081,0.0,-0.019101553166069287,5.817596575069695,125.28010911987238,10,2,18.075516517549826,0,8.67,3
157,22.18539426523297,0.02511628833134214,24.3271827957002,-4.706690561529278,0.1831676622859426,0.0,0.005751095181202647,0.044580645161290317,0.9396348068498601,10,2,18.117944941500372,0,3.65,2
158,7.371636363636363,-0.17323636363636363,11.110999999999994,-2.5545454545454556,0.0876909090909091,0.30169090909090907,0.2894909090909091,0,0,10,2,17.36509979353067,0,4.71,2
159,11.379890909090909,0.03670909090909087,9.898890909090904,-36.16545454545454,0.13367272727272725,0.03758181818181818,-0.022727272727272624,2.064763636363636,13.952672727272725,10,3,16.088153846153848,0,7.21,4
160,15.74156363636364,-0.41601818181818184,17.656290909090895,-6.416363636363638,0.11680000000000003,0.015981818181818184,-0.13885454545454545,0.9962727272727274,16.887109090909092,10,3,12.64923076923077,0,5.38,3
161,9.241981818181818,-0.581636363636364,12.080672727272718,0.3727272727272728,0.0718909090909091,0.11934545454545453,-0.21880000000000008,3.5187636363636368,42.691527272727285,10,3,15.210307692307687,0,5.52,3
162,9.23356363636364,-0.4835090909090908,11.110999999999994,-11.57272727272728,0.12241818181818186,0.05774545454545454,0.2639272727272727,0.9420545454545455,1.166290909090909,10,3,15.038051282051283,0,3.94,2
163,11.449272727272731,0.0982909090909091,11.110999999999994,-11.269090909090917,0.11885454545454545,0.08465454545454547,-0.2683090909090909,0,0,10,3,9.125128205128204,0,4.51,2
164,12.978888888888887,0.11342222222222224,11.110999999999994,0.41111111111111126,0.1968,0.0,0.5347555555555554,3.9433333333333325,83.17371111111112,11,1,15.29869696969697,1,16.53,4
165,18.532155555555555,0.38153333333333334,10.617177777777773,-13.953333333333328,0.21853333333333333,0.028377777777777776,0.03977777777777775,1.5634444444444446,35.17611111111111,11,1,14.899303030303024,0,12.93,4
166,20.1864,-0.22180000000000008,17.629355555555552,-6.697777777777779,0.12671111111111108,0.014844444444444443,-0.3977555555555556,0.6765111111111111,12.51068888888889,11,1,17.628999999999994,1,5.13,3
167,8.046577777777781,0.09982222222222223,10.864088888888883,-16.008888888888887,0.054733333333333335,0.01368888888888889,-0.13831111111111102,22.105844444444447,33.00019999999999,11,1,19.57012121212122,0,6.18,3
168,16.34797777777778,0.18493333333333323,11.110999999999994,-1.7022222222222219,0.14697777777777776,0.005511111111111111,0.0955999999999999,10.034555555555556,156.10115555555552,11,1,12.046272727272727,2,8.62,2
169,8.200222222222221,0.34237777777777784,11.110999999999994,-8.022222222222222,0.10575555555555556,0.04177777777777778,0.15202222222222228,36.68282222222222,51.62335555555556,11,1,4.104818181818182,0,3.24,2
170,8.24012014925373,0.9540354477612129,24.43487910447902,-0.41932835820895425,0.10312089552238778,1.119402985074627e-06,0.3883906716417909,0,26.32716044776117,11,2,15.430051566265048,0,18.3,4
171,22.347080970149253,0.2982485074626859,24.44400000000141,-1.8903731343283572,0.22675597014925347,0.0,0.17464738805970115,0,0,11,2,18.06706554216862,3,18.53,4
172,26.23770410447762,-0.05462499999999994,24.44400000000141,-5.008134328358252,0.25290970149253716,0.0,0.07063917910447726,0,0,11,2,23.63925831325296,0,5.35,3
173,25.21156343283584,-0.0813257462686566,24.44400000000141,-7.226305970149276,0.20717686567164223,0.0,-0.031230597014925063,2.709917164179108,64.21635186567165,11,2,24.686160963855436,2,15.63,3
174,27.591438432835748,0.0700533582089547,24.44400000000141,-4.349291044776119,0.22134029850746434,0.0,-0.06721156716417938,0.9992033582089553,28.281394029850755,11,2,18.60449590361443,0,4.14,2
175,26.918349253731407,-0.13683432835820897,24.106526865673008,-2.10164179104477,0.2898723880597005,0.031041791044776126,-0.3100175373134318,0.42214253731343204,10.029538805970146,11,2,20.167737831325283,0,3.09,2
176,14.105211538461539,0.05903846153846149,11.110999999999994,-0.23846153846153845,0.16346153846153846,0.02980769230769231,0.08034615384615372,0.2304423076923077,2.7901923076923074,11,3,13.62030303030303,0,5.79,4
177,12.651,0.39013461538461536,13.67503846153845,-10.080769230769231,0.18536538461538463,0.024230769230769236,0.36898076923076917,18.151192307692305,30.211134615384612,11,3,10.615484848484845,2,14.14,4
178,16.354211538461538,-0.016134615384615383,15.46986538461538,-4.567307692307693,0.20205769230769233,0.05898076923076923,-0.2849615384615384,4.853076923076923,24.613615384615393,11,3,14.20009090909091,1,8.86,3
179,13.52034615384615,0.24178846153846154,11.110999999999994,-12.338461538461539,0.20873076923076922,0.050346153846153846,0.3727115384615386,8.220480769230768,97.76015384615386,11,3,14.174454545454545,0,9.12,3
180,14.69925,0.02421153846153847,10.683653846153842,-10.88076923076923,0.12096153846153847,0.01273076923076923,-0.05448076923076926,5.577211538461539,83.88717307692308,11,3,14.73881818181818,1,5.17,2
181,8.34951923076923,0.14065384615384613,10.683653846153842,-14.86730769230769,0.14538461538461542,0.055730769230769236,0.07276923076923081,32.079269230769235,43.63075,11,3,7.655212121212123,0,5.67,2
182,14.768205128205132,0.7736666666666664,11.110999999999994,0.3743589743589743,0.2002820512820513,0.0,0.5857948717948718,1.271205128205128,26.09689743589744,12,1,18.459147058823532,0,6.93,4
183,12.249102564102563,0.3762820512820513,11.110999999999994,-11.805128205128204,0.13597435897435897,0.03343589743589743,-0.09653846153846156,5.452128205128205,55.19217948717947,12,1,10.228294117647058,0,11.15,4
184,16.796820512820513,0.7787435897435896,15.555333333333332,4.828205128205129,0.2525384615384616,0.04461538461538462,0.2975641025641026,1.1012051282051283,23.529897435897436,12,1,19.553441176470585,0,6.3,3
185,15.07948717948718,0.43456410256410255,15.555333333333328,-3.9153846153846144,0.06525641025641027,0.002307692307692308,-0.3347692307692307,1.5187692307692304,18.589666666666663,12,1,21.292941176470585,0,3.73,3
186,9.402256410256408,0.31248717948717947,9.971410256410252,-1.3871794871794871,0.08143589743589744,0.01982051282051282,-0.057333333333333375,2.4891794871794874,21.63441025641026,12,1,9.20629411764706,1,4.68,2
187,16.316410256410258,0.5574102564102565,11.110999999999994,-11.289743589743592,0.14656410256410254,0.0044358974358974365,0.0752307692307693,1.6031282051282052,28.564717948717945,12,1,10.612264705882357,0,2.98,2
188,15.130259668508286,1.110669358266042,24.433611559712173,0.13786655333617126,0.2912962175945616,0.0,0.7696451338716529,224.35028304292388,30.58097110072248,12,2,15.994008849557513,0,3.04,4
189,28.51671143221421,0.868311092222694,24.444000000001168,-7.888525286867821,0.250842328941777,0.006504887377815561,-0.17059881002974928,0,0,12,2,21.409877765486705,1,9.09,4
190,22.483631959201023,0.5657203569910747,24.444000000001168,0.1373990650233743,0.2055223119422016,0.0,-0.01650956226094385,0,0,12,2,19.523138827433623,0,3.55,3
191,21.75103867403314,0.9569609009774762,24.444000000001168,-8.583340416489591,0.1920828729281778,0.0,0.017533361665957977,1.090237144071399,21.634813429664266,12,2,23.68883130530974,0,4.14,3
192,23.8116991075223,0.552844028899277,24.444000000001168,-0.010879728006799826,0.22302974925626873,0.0,0.02245176370590733,0,0,12,2,25.565670907079664,0,3.6,2
193,20.220198045048853,0.2933514662133441,24.444000000001168,-8.496855078623017,0.1473051423714402,0.0,-0.055599235019124275,1.0542426689332762,21.812237569060787,12,2,27.82659845132736,0,1.78,2
194,13.24129411764706,0.5477843137254902,11.110999999999995,0.7196078431372548,0.14798039215686276,0.017333333333333333,0.1305882352941173,0.7063725490196078,9.686333333333334,12,3,16.035777777777778,0,3.98,4
195,11.236235294117646,0.46545098039215693,11.110999999999995,-10.460784313725494,0.11080392156862746,0.025980392156862743,-0.1058627450980392,4.888372549019607,41.43666666666666,12,3,11.684185185185187,0,4.72,4
196,14.472215686274511,0.6052549019607844,19.476803921568617,-6.7254901960784315,0.1635294117647058,0.009529411764705882,0.23137254901960783,1.9305882352941177,29.574960784313724,12,3,16.472592592592594,1,6.01,3
197,12.145941176470583,0.34009803921568627,10.675274509803916,-10.3156862745098,0.12807843137254907,0.020823529411764703,0.021647058823529398,5.226117647058823,64.17213725490195,12,3,16.595740740740737,0,4.99,3
198,11.20233333333333,0.16231372549019613,10.893137254901955,-9.2,0.17692156862745093,0.062450980392156866,-0.030999999999999965,7.559078431372548,73.55864705882352,12,3,14.175740740740743,0,2.03,2
199,12.335372549019608,0.35160784313725485,9.150235294117643,1.5039215686274516,0.07972549019607841,0.04458823529411765,-0.3088039215686274,0.42321568627450984,6.874039215686274,12,3,9.193925925925928,0,3.54,2
200,15.232070175438597,-0.1371578947368421,11.110999999999994,0.292982456140351,0.1724035087719299,0.007105263157894737,0.3580350877192982,3.916631578947369,85.33547368421053,13,1,18.27331578947369,1,23.44,4
201,16.16126315789474,-0.06685964912280701,13.995912280701743,-18.536842105263155,0.16926315789473687,0.02843859649122807,0.03242105263157902,103.23101754385965,3.80840350877193,13,1,9.667657894736841,0,8.4,4
202,14.911578947368426,-0.7125614035087721,11.734754385964903,-1.7947368421052634,0.09363157894736841,0.01036842105263158,-0.2478596491228071,1.9791052631578954,29.012701754385965,13,1,25.787736842105264,0,3.4,3
203,10.100052631578947,-0.4592631578947368,11.110999999999994,-10.782456140350876,0.08547368421052633,0.00994736842105263,0.040210526315789426,2.9040877192982437,29.261754385964913,13,1,13.58702631578947,0,3.32,3
204,12.74157894736842,-0.6694736842105262,11.110999999999994,-8.784210526315789,0.12778947368421054,0.006912280701754386,0.12021052631578948,1.399263157894737,13.621350877192983,13,1,9.101973684210526,0,3.29,2
205,16.067070175438598,-0.4105964912280702,10.526210526315785,-9.028070175438598,0.13250877192982458,0.0026842105263157894,0.03794736842105264,0,0,13,1,8.689105263157893,0,1.78,2
206,13.633964831096723,0.47684821841739866,24.432688570107423,-0.48000925497455166,0.19047894493290113,0.0,0.6097075428042562,37.879284127718655,29.944723276260977,13,2,19.933105840846732,0,8.05,4
207,23.003468764460976,-0.5252808884775577,24.44400000000099,-1.350717260527534,0.1902383155946325,0.0,0.03200138824618227,0,0,13,2,27.225206193649527,0,3.79,4
208,22.230206385932405,-0.6255326237852842,24.44400000000099,-7.262239703840818,0.17385006941230796,0.0,-0.022434521055067214,0,0,13,2,29.883654645237183,0,3.85,3
209,22.570698750578412,-0.4794784821841739,24.44400000000099,-0.2188338732068487,0.1878454419250363,0.0,0.02901341971309563,0,0,13,2,30.349644845158814,1,4.7,3
210,23.019187875983388,-0.7660323924109227,24.44400000000099,-8.952336881073593,0.18337621471540713,0.0,-0.007826006478482115,0,0,13,2,30.212862406899525,0,3.03,2
211,22.48687366959737,-0.5233336418324861,24.421377140213853,0.023044886626561737,0.18440259139287746,0.0,0.018071263304025864,0,0,13,2,27.66503057624461,2,6.34,2
212,7.129142857142857,-0.15136734693877552,11.110999999999995,-0.14489795918367349,0.11275510204081632,0.03238775510204082,0.4325510204081633,0,0,13,3,17.40362162162162,0,3.62,4
213,8.624081632653061,-0.4414897959183671,11.110999999999995,-7.551020408163266,0.07765306122448978,0.1122244897959184,-0.2830612244897959,15.961551020408166,8.29089795918367,13,3,11.28427027027027,0,5.58,4
214,15.482551020408165,-0.41299999999999987,15.192530612244887,-9.757142857142854,0.2070204081632652,0.024306122448979593,0.2688979591836734,3.955857142857142,66.29965306122448,13,3,17.910513513513514,0,5.75,3
215,14.447571428571427,-0.7847551020408163,14.194816326530606,-2.957142857142855,0.132469387755102,0.05220408163265307,-0.4389795918367346,3.2338571428571417,40.72865306122449,13,3,14.07254054054054,0,2.88,3
216,6.8760204081632645,-0.32299999999999995,11.110999999999995,-10.628571428571425,0.10685714285714286,0.10855102040816328,0.42675510204081635,35.97244897959184,32.51542857142857,13,3,11.960324324324322,0,3.37,2
217,11.433795918367345,-0.9072857142857139,10.884244897959178,-10.034693877551021,0.13202040816326535,0.1326122448979592,-0.13961224489795923,-5.996755102040816,1.0074489795918367,13,3,13.169675675675679,0,2.57,2
218,0.35606666666666664,-0.08373333333333338,11.110999999999994,0.45555555555555566,0.0228,0.0,0.22264444444444445,0,0,14,1,14.78618518518518,1,11.7,4
219,14.165955555555554,0.32835555555555546,11.110999999999994,-0.37777777777777793,0.10204444444444445,0.0,0.038066666666666735,0,0,14,1,5.150407407407407,0,5.2,4
220,12.445622222222225,0.16026666666666667,11.110999999999994,-10.604444444444445,0.10384444444444445,0.0,0.06960000000000001,3.093822222222222,38.75942222222222,14,1,17.469888888888892,0,6.79,3
221,17.79571111111111,-0.11173333333333337,19.40708888888888,-6.935555555555554,0.1314666666666667,0.0,0.015133333333333257,0.31146666666666667,4.494488888888888,14,1,11.793388888888886,0,3.79,3
222,11.453266666666666,0.14613333333333334,11.110999999999994,0.16222222222222227,0.06311111111111112,0.0,-0.09568888888888889,2.158111111111111,25.489377777777776,14,1,12.173185185185186,1,2.86,2
223,7.92122222222222,0.22486666666666671,11.110999999999994,-16.117777777777775,0.07933333333333333,0.052,0.07575555555555556,7.087200000000002,51.527800000000006,14,1,13.990851851851849,2,6.02,2
224,14.968081518704683,1.047468453378002,24.430351758794515,-0.6316582914572867,0.24036013400335082,0.0,0.7129184812953641,15.825935790061404,32.90880904522614,14,2,15.992269357495891,0,4.43,4
225,21.315660524846376,0.6957682858738141,24.444000000000546,-0.00072585147962128,0.1721155778894459,0.0,0.017686767169179055,0,0,14,2,19.16880065897852,0,5.33,4
226,21.155897822445564,0.02864656616415419,24.444000000000546,-10.231099944165267,0.1606152987158001,0.0,-0.027318257956448745,0,0,14,2,21.825616556836916,0,3.01,3
227,23.555120044667785,0.47517029592406496,24.444000000000546,0.010664433277498594,0.2460390843104412,0.0,0.16570016750418842,0,0,14,2,22.301613673805658,0,4.85,3
228,24.105961474036906,0.27265661641541006,24.444000000000546,-5.065159128978217,0.12867225013958772,0.0,-0.25239586823003923,0,0,14,2,21.699088550247147,1,8.02,2
229,17.787103294249004,0.04545449469570091,24.403055276382453,-5.84338358458963,0.16988330541596822,0.0,0.13121998883305377,0,0,14,2,22.166595963756148,0,2.92,2
230,11.857025,0.0005750000000000032,11.110999999999994,0.30749999999999983,0.14689999999999998,0.0,0.4466499999999999,0.056824999999999994,0.9637499999999999,14,3,14.96792156862745,0,3.9,4
231,13.380874999999998,0.265375,10.277674999999995,-18.42,0.12122499999999999,0.013675000000000001,-0.0027249999999999254,0.37944999999999995,4.260825,14,3,11.192411764705884,0,10.02,4
232,14.25995,0.3223000000000001,17.777499999999996,-5.852500000000001,0.12975000000000003,0.01985,0.017074999999999972,1.946425,28.484075,14,3,13.444647058823527,0,7.95,3
233,14.792024999999995,0.02222499999999998,17.110849999999996,-5.074999999999998,0.17912500000000003,0.070675,0.15557500000000002,3.7422750000000002,63.672675000000005,14,3,8.089686274509804,0,5.61,3
234,10.601625,0.3448500000000001,10.555449999999995,-15.972500000000002,0.13445,0.08115,0.015625000000000142,10.5745,90.55154999999999,14,3,11.462470588235297,0,2.23,2
235,11.166125000000001,0.011124999999999998,11.110999999999994,-0.575,0.12367500000000005,0.17695,-0.45275,9.770425,99.440475,14,3,10.312980392156863,0,3.02,2
236,12.215349999999999,0.5287999999999999,11.110999999999994,1.797499999999999,0.16949999999999996,0.0,0.570425,3.1320000000000006,69.328775,15,1,19.774093023255812,0,5.37,4
237,14.341899999999999,0.8065499999999999,11.110999999999994,-12.38,0.125675,0.01625,-0.07682500000000003,6.258225,88.95507500000001,15,1,18.42367441860465,0,4.05,4
238,24.069675000000004,0.5928000000000002,17.777499999999996,-8.080000000000002,0.255575,0.000675,0.13210000000000002,0.381575,7.567,15,1,17.850837209302327,0,5.43,3
239,12.667225,0.5863249999999999,11.110999999999994,0.14749999999999996,0.045325,0.003125,-0.31035,3.0298999999999996,39.52989999999999,15,1,7.5917674418604655,0,3.21,3
240,7.386899999999999,0.5868000000000001,11.110999999999994,-53.454999999999984,0.1528,0.04305,0.11149999999999997,72.25000000000001,37.79260000000001,15,1,16.257348837209303,1,13.4,2
241,12.438825000000005,0.4862000000000001,11.110999999999994,0.18249999999999997,0.11385000000000003,0.007625,0.08230000000000001,2.5592750000000004,31.047725000000007,15,1,8.315023255813951,0,2.69,2
242,11.936805080352503,0.9115562467599736,24.431328149300885,-0.9339035769828977,0.25483618455158097,0.0,0.7735116640746504,22.93098963193364,37.672123379989614,15,2,11.397116673084321,0,4.46,4
243,28.602160186625166,0.8449440124416799,24.444000000000734,-1.2527216174183515,0.33327423535510675,0.0,0.14760705028512172,0,0,15,2,23.39408278783211,0,6.31,4
244,27.805709175738585,0.3369103162260239,24.444000000000734,-8.483670295489919,0.24312026956972468,0.0,-0.03991394504924848,0,0,15,2,26.535988448209494,0,3.6,3
245,25.071402799377896,0.5671099015033693,24.444000000000734,-1.3371176775531355,0.20168532918610746,0.0,-0.03704561949196409,0,0,15,2,25.05182787832116,1,8.13,3
246,23.09752410575428,0.26545412130637625,24.444000000000734,-8.930274753758424,0.1613245204769297,0.0,-0.10056661482633406,0,0,15,2,27.48554716981126,1,6.08,2
247,26.238670295489953,0.47032763089683804,24.444000000000734,0.2506998444790047,0.26480041472265403,0.03159564541213062,-0.2729849663037839,0,0,15,2,27.045571813631167,0,5.17,2
248,13.26082857142857,0.18265714285714288,11.110999999999995,0.11428571428571425,0.21851428571428574,0.0,0.6304571428571429,0.6227714285714286,13.1624,15,3,15.213500000000003,0,6.01,4
249,12.024657142857142,-0.2554,9.523714285714282,-19.417142857142853,0.11814285714285716,0.054571428571428576,-0.21865714285714288,50.61885714285714,10.634857142857143,15,3,16.18592,0,6.09,4
250,14.562971428571428,0.5577714285714286,13.7776,-1.8828571428571426,0.20039999999999994,0.027028571428571426,0.23725714285714286,3.0521142857142864,50.11122857142857,15,3,14.03114,1,16.58,3
251,16.99045714285714,-0.25525714285714285,15.999714285714285,-8.468571428571433,0.21385714285714286,0.047342857142857145,0.006028571428571358,0.7270571428571428,13.813000000000002,15,3,14.978619999999994,0,5.13,3
252,14.163542857142858,-0.21774285714285718,9.20625714285714,-17.522857142857138,0.19945714285714278,0.03642857142857143,0.11651428571428572,4.198542857142857,50.170657142857145,15,3,14.507260000000004,1,5.24,2
253,16.43408571428571,-0.4740857142857143,6.98405714285714,-0.4885714285714286,0.24388571428571426,0.09877142857142857,-0.18511428571428565,2.2723714285714283,48.76014285714286,15,3,7.950240000000001,1,8.13,2
254,9.141657142857142,0.6560857142857143,11.110999999999995,0.6657142857142855,0.109,0.0,0.41337142857142856,5.1166857142857145,73.65862857142858,16,1,16.922615384615384,1,12.75,4
255,13.530399999999997,1.302057142857143,11.110999999999995,-0.09428571428571425,0.09614285714285714,0.0,0.008628571428571437,2.7758,40.045542857142856,16,1,12.551435897435896,0,7.37,4
256,4.599114285714285,0.5947714285714287,11.110999999999995,1.5542857142857143,0.016114285714285716,0.031342857142857145,-0.38071428571428567,39.583085714285716,25.07042857142857,16,1,17.409410256410254,0,5.54,3
257,10.541485714285713,-0.5164,11.110999999999995,-18.468571428571423,0.11234285714285715,0.0,0.2967999999999999,4.715,50.800885714285705,16,1,13.412589743589741,0,4.74,3
258,12.784857142857142,0.17634285714285716,20.253628571428568,-6.437142857142858,0.07285714285714287,0.0,-0.08082857142857144,0.617,9.0992,16,1,9.382820512820512,1,7.23,2
259,12.306714285714285,0.9045714285714284,17.967971428571428,-3.9828571428571453,0.08194285714285714,0.0,-0.03617142857142857,2.4156857142857135,30.51471428571428,16,1,15.40379487179487,0,1.96,2
260,6.275767641996562,1.3365817555938009,24.42997590361493,0.0005737234652887122,0.11554962707974746,0.0,0.5397142857142856,61.80605106138839,40.61857946069992,16,2,21.317959030837006,0,3.28,4
261,20.639320137693627,0.3535410212277679,23.223903614458152,-0.3363740676993684,0.2077882960413055,0.0,0.21142226047045456,0,0,16,2,27.02728325991188,1,10.46,4
262,23.730008032128502,0.8991417096959271,24.444000000000475,-6.003270223752143,0.23008433734939737,0.0,0.1188456683878368,1.367032702237521,33.439189902466985,16,2,22.604150220264327,0,3.8,3
263,22.24784222604701,0.1663253012048189,22.817204819277375,-4.404934021801468,0.1597142857142857,0.0,-0.07025874928284567,4.083218014916813,90.20583362019514,16,2,21.866848017621127,1,6.43,3
264,22.518719449225475,0.11919850831899026,23.3360963855425,0.13029259896729775,0.17944578313252835,0.0,-0.002861158921399898,4.866815834767643,109.70304475043037,16,2,23.848130837004394,2,9.5,2
265,21.68730579460699,0.5311744119334479,24.415951807229387,-11.06161790017212,0.1497228915662638,0.0,-0.09023580034423404,3.192434882386689,69.03711761331041,16,2,20.090640088105708,2,13.58,2
266,8.511307692307692,0.4881153846153846,11.110999999999997,1.2346153846153842,0.1393076923076923,0.0,0.5932692307692308,1.5320769230769231,23.430423076923077,16,3,14.727099999999998,0,4.47,4
267,16.157461538461536,1.1079999999999999,11.110999999999997,-0.28846153846153844,0.1236923076923077,0.0,0.03730769230769231,7.520307692307691,120.54142307692308,16,3,12.155919999999998,0,3.76,4
268,7.036423076923076,0.2607692307692308,10.683653846153844,-23.36923076923077,0.051807692307692305,0.04096153846153846,-0.376076923076923,3.438923076923077,15.503076923076922,16,3,15.54586,1,9.08,3
269,13.2465,0.6136923076923076,11.110999999999997,0.5961538461538463,0.1320769230769231,0.0,0.23273076923076916,7.562923076923076,103.18603846153846,16,3,10.736580000000002,0,3.68,3
270,11.060346153846153,0.6859230769230767,18.80311538461539,-4.71923076923077,0.10188461538461538,0.011923076923076923,0.014038461538461534,3.4173846153846155,41.37334615384615,16,3,12.106219999999999,0,9.25,2
271,12.581076923076923,0.5595000000000001,22.050884615384614,-9.803846153846152,0.07565384615384615,0.02823076923076923,-0.45461538461538453,3.7361153846153843,55.189384615384604,16,3,10.872180000000004,1,7.32,2
272,8.872967741935485,0.39212903225806456,11.110999999999995,0.2516129032258064,0.17093548387096774,0.12009677419354839,0.21509677419354847,3.10058064516129,41.86916129032258,17,1,17.59576363636364,0,13.94,4
273,14.636870967741935,0.4945483870967741,11.110999999999995,0.2064516129032258,0.23525806451612907,0.0346774193548387,0.3729999999999999,4.230870967741936,34.9621935483871,17,1,18.218381818181822,1,10.67,4
274,7.202387096774191,0.7771290322580642,11.110999999999995,-0.9645161290322578,0.17132258064516126,0.2614516129032259,-0.4601290322580645,71.96212903225806,12.911096774193549,17,1,12.506727272727275,1,19.57,3
275,7.468064516129034,0.7544193548387097,11.110999999999995,-21.651612903225804,0.11703225806451611,0.11132258064516129,0.5353225806451614,26.383387096774193,199.75025806451615,17,1,10.979781818181815,0,2.64,3
276,19.162387096774193,1.117451612903226,17.562451612903228,-6.948387096774193,0.16483870967741932,0.0,0.10877419354838708,2.6877096774193547,47.831258064516135,17,1,13.053672727272728,0,5.77,2
277,15.044935483870969,0.32206451612903225,15.411967741935475,-3.0516129032258053,0.1680967741935484,0.06138709677419355,-0.2710645161290322,1.2790967741935484,18.982709677419358,17,1,15.957763636363639,0,4.14,2
278,9.897850644942304,1.3248995247793596,24.427405295315666,-0.68784792939579,0.19199796334012165,0.018095723014256607,0.8000665308893378,29.397439918533582,62.2958927359131,17,2,17.23697999999999,0,6.78,4
279,24.395257976917847,1.1375885947046844,24.44399999999999,-0.07379497623896808,0.2669891378139875,0.0,0.2626802443991862,0,0,17,2,23.091540476190588,0,5.36,4
280,23.59168228105909,0.5214494229463686,24.44399999999999,-5.681737949762384,0.22458180583842619,0.01902036659877798,-0.1130502376103194,0,0,17,2,22.14605380952378,1,10.98,3
281,24.122926001357786,0.20430210454854045,23.232586558044638,-7.197148676171099,0.2312477936184668,0.0,0.10129803122878506,0,0,17,2,22.649106190476154,0,6.6,3
282,26.06158859470466,0.35340393754242994,24.44399999999999,-0.23021045485403882,0.2443740665308902,0.0,0.06621045485403976,0,0,17,2,22.993639523809552,1,11.16,2
283,26.179867617107917,-0.049151391717583155,20.39489205702622,-11.717040054310935,0.20205431093007467,0.012816021724372044,-0.2307440597420231,1.7271955193482693,41.80478547182623,17,2,22.514301904761865,0,3.31,2
284,12.160520000000002,0.35975999999999997,11.110999999999997,0.6399999999999999,0.22264000000000003,0.0742,0.8478,0,0,17,3,16.48871111111111,0,3.96,4
285,16.94164,0.6630400000000001,11.110999999999997,-0.588,0.14624000000000004,0.06504,-0.60128,1.32856,18.940679999999997,17,3,5.5054444444444455,1,8.67,4
286,6.586360000000001,0.36128000000000005,11.110999999999997,-25.604000000000006,0.13499999999999998,0.13683999999999996,0.24456,12.606879999999999,18.04788,17,3,17.035977777777777,0,7.04,3
287,14.791599999999999,-0.06984,11.110999999999997,0.4599999999999998,0.18524000000000002,0.10804,-0.62188,0,0,17,3,10.889088888888889,0,2.78,3
288,15.453679999999997,0.55604,21.777400000000004,-10.868,0.24692000000000003,0.04468,0.8729600000000002,4.6943600000000005,77.47556,17,3,8.681022222222222,0,2.73,2
289,14.081800000000003,0.36504000000000003,15.910879999999993,-2.408,0.19135999999999995,0.062200000000000005,-0.16103999999999996,1.66556,24.215880000000002,17,3,11.081044444444446,1,4.78,2
290,8.900785714285714,0.6098928571428572,11.110999999999995,5.917857142857142,0.14782142857142858,0.0,0.5919999999999999,3.004321428571429,47.534,18,1,14.104256410256413,1,24,4
291,16.58235714285714,0.9061785714285715,11.110999999999995,0.01071428571428566,0.10957142857142857,0.0,-0.05349999999999999,10.443,173.5256785714286,18,1,12.373589743589745,0,40.9,4
292,12.057785714285716,0.3829642857142857,10.317357142857139,-17.59642857142857,0.06228571428571429,0.008321428571428572,-0.2959642857142856,6.06125,53.806,18,1,16.273564102564098,0,23.14,3
293,15.627464285714286,0.20625,11.587178571428568,0.6857142857142858,0.15946428571428584,0.0,0.33310714285714266,7.399107142857143,101.10307142857143,18,1,14.872153846153843,0,10.46,3
294,15.743928571428569,-0.43760714285714286,24.443999999999992,-11.525,0.1150714285714286,0.0,-0.005714285714285715,0,0,18,1,9.973948717948717,0,2.43,2
295,12.899214285714285,0.4326428571428572,12.539535714285707,-0.08928571428571412,0.07210714285714286,0.010964285714285715,-0.2709642857142857,1.2228928571428572,17.542464285714292,18,1,7.157692307692307,1,2.78,2
296,3.3352722646310426,1.3302709923664235,24.42845038167957,-7.010814249363894,0.08888867684478365,0.0,0.5886431297709923,0,44.88344656488546,18,2,18.741435483871015,0,5.66,4
297,24.224074427480925,0.7994344783715002,24.444000000000187,-0.05095419847328248,0.308730916030533,0.0,0.4696673027989825,0,0,18,2,21.423135944700515,0,8.16,4
298,28.769993638676798,0.6159497455470729,24.444000000000187,-7.378753180661575,0.27719147582697307,0.0,0.05535178117048394,0,0,18,2,21.089228110599095,0,4.43,3
299,28.244264631043226,0.2872958015267177,24.444000000000187,-5.0264631043257,0.255367048346059,0.0,0.009986641221374024,0,0,18,2,23.924858294930885,0,8.09,3
300,28.497020356234078,0.6061596692111959,24.444000000000187,-0.7248091603053436,0.25130534351145056,0.0,0.006055343511450385,0,0,18,2,23.81245852534564,0,2.51,2
301,26.62453625954198,0.6942092875318071,24.444000000000187,-12.036959287531804,0.20649491094147704,0.0,-0.05608269720101771,0.43646692111959284,11.559739821882959,18,2,17.789839285714265,0,1.47,2
302,5.640999999999999,0.42125,11.110999999999995,6.253571428571428,0.14771428571428571,0.0,0.5644285714285713,2.338178571428571,24.45825,18,3,15.22230769230769,0,5.66,4
303,18.58317857142857,0.9762500000000001,11.110999999999995,0.2107142857142858,0.1618571428571429,0.0,0.09978571428571432,0,0,18,3,13.242769230769232,0,8.16,4
304,8.939464285714285,0.5783571428571428,10.714178571428567,-18.525,0.12224999999999998,0.08060714285714285,-0.037892857142857186,12.179857142857143,11.780321428571428,18,3,14.103564102564102,0,4.43,3
305,15.105535714285717,0.16778571428571426,13.96807142857143,-0.4071428571428572,0.13364285714285715,0.02367857142857143,-0.12410714285714282,0.37064285714285716,4.687892857142858,18,3,14.874846153846152,0,8.09,3
306,14.669821428571428,-0.02717857142857143,24.443999999999992,-12.042857142857146,0.10632142857142854,0.02557142857142857,-0.3069285714285714,2.7571428571428567,42.42753571428572,18,3,10.664076923076923,0,2.51,2
307,10.415285714285714,0.21371428571428572,12.301428571428564,-2.0285714285714276,0.12828571428571428,0.009142857142857144,0.3028571428571429,5.2996428571428575,74.97778571428572,18,3,9.900205128205128,0,1.47,2
308,2.368642857142857,-0.2427321428571429,11.110999999999994,-3.1803571428571438,0.049124999999999995,0.0,0.27814285714285714,0,0,19,1,16.81876923076923,0,7.59,4
309,14.721124999999992,0.30266071428571434,11.110999999999994,2.630357142857143,0.10437499999999997,0.028910714285714286,-0.2666071428571428,0,0,19,1,15.453538461538459,0,10.7,4
310,16.82005357142857,0.44096428571428575,16.58705357142856,-14.730357142857146,0.17014285714285718,0.0,0.2924285714285713,0,0,19,1,23.25002564102564,1,6.79,3
311,12.068500000000004,0.09560714285714282,12.063357142857134,-0.3089285714285715,0.07617857142857144,0.010071428571428573,-0.16983928571428564,1.7414642857142855,23.66180357142856,19,1,10.675615384615384,0,4.25,3
312,6.899517857142858,0.09594642857142854,11.110999999999994,-8.79642857142857,0.057625,0.02819642857142857,0.039928571428571466,17.15567857142857,13.357696428571431,19,1,7.9432820512820514,0,3.65,2
313,9.16892857142857,-0.15867857142857136,10.714178571428565,0.04999999999999999,0.07155357142857142,0.006553571428571429,0.006339285714285734,1.9793392857142857,16.071821428571425,19,1,11.425205128205132,1,8.97,2
314,2.181116137744768,1.4630837272113648,24.427494935854153,-0.3404456448345829,0.058746792707629905,0.0,0.48058406482106686,0,47.64132275489531,19,2,19.82216484716156,1,5.25,4
315,19.385121539500332,0.8309675894665771,24.444000000000003,0.014449696151249244,0.2233706954760296,0.0,0.388459824442943,0,0,19,2,28.961786572052386,0,5.49,4
316,23.5852478055368,0.4311323430114796,24.444000000000003,-0.043146522619851684,0.24441593517893218,0.0,0.10449898717083067,0,0,19,2,27.46155567685582,1,7.55,3
317,22.52121539500337,-0.41850641458474047,24.444000000000003,-12.107089804186364,0.15233558406482067,0.0,-0.09587170830519899,0,0,19,2,24.8012150655022,2,9.07,3
318,21.20914314652266,0.3677535449020929,24.444000000000003,-0.19696151249155974,0.17029777177582686,0.0,0.00826671168129642,1.6481201890614456,35.23430654962863,19,2,22.830448144104828,0,5.66,2
319,22.270089128966923,0.46994328156650794,24.444000000000003,-0.05995948683322047,0.17890546927751547,0.0,0.012052667116813048,3.9269412559081736,87.17008035111402,19,2,26.44041539301316,2,6.94,2
320,9.54672727272727,-0.034954545454545426,11.110999999999997,-0.5909090909090907,0.1440909090909091,0.09068181818181818,0.6366363636363638,0,0,19,3,17.030571428571427,0,9.26,4
321,15.06590909090909,0.6363636363636365,11.110999999999997,-0.24545454545454543,0.1020909090909091,0.0,-0.021045454545454537,0.959909090909091,14.271818181818183,19,3,10.617571428571427,1,5.2,4
322,9.238045454545455,0.27886363636363626,11.110999999999997,0.768181818181818,0.05118181818181819,0.17459090909090907,-0.4661818181818182,2.398090909090909,33.04213636363637,19,3,15.705628571428567,0,4.99,3
323,15.296590909090911,0.049499999999999995,10.605954545454543,-29.450000000000003,0.24281818181818185,0.03081818181818182,0.29540909090909095,3.2471818181818177,51.29895454545454,19,3,17.299285714285713,0,4.73,3
324,11.782590909090908,0.03445454545454547,14.14122727272727,-0.7818181818181817,0.16313636363636363,0.022,0.13309090909090907,3.102954545454546,34.193999999999996,19,3,13.944228571428567,1,5.56,2
325,20.196272727272728,-0.19313636363636363,24.444000000000003,-15.15,0.220409090909091,0.0,0.19568181818181812,0.7522272727272727,15.113999999999994,19,3,14.086457142857142,2,11.79,2
326,9.550375,-0.14729166666666663,11.110999999999997,-0.42083333333333345,0.15108333333333335,0.0,0.7320416666666668,0,0,20,1,11.616685714285714,0,6.61,4
327,16.97716666666667,-0.04820833333333333,11.110999999999997,-0.08750000000000001,0.09358333333333334,0.00175,-0.15050000000000002,7.557708333333335,123.10645833333335,20,1,13.522571428571425,0,5.87,4
328,12.669416666666669,-0.09374999999999999,11.110999999999997,0.4124999999999999,0.07508333333333334,0.05308333333333332,-0.6903333333333332,6.180166666666666,60.26716666666667,20,1,3.2210285714285716,1,7.51,3
329,10.933416666666668,0.1359583333333334,11.110999999999997,-21.933333333333326,0.1584166666666667,0.0,0.6760416666666668,53.739291666666674,54.85916666666666,20,1,11.995399999999998,2,17.72,3
330,12.732875000000002,-0.2718333333333333,12.777624999999999,-0.4333333333333333,0.07041666666666667,0.002375,-0.11133333333333335,2.213416666666667,28.23991666666667,20,1,12.247228571428572,0,3.57,2
331,14.764625,-0.21329166666666668,24.444,-11.270833333333334,0.09120833333333334,0.0,-0.07445833333333335,0,0,20,1,10.591685714285717,0,4.37,2
332,8.806135862068968,0.9500165517241349,24.427142068965452,0.09848275862069049,0.17680206896551778,0.0,0.874106206896552,173.46418275862064,53.04515655172414,20,2,11.044773493975905,1,7.06,4
333,23.19914827586204,0.13784206896551726,24.443999999999935,0.11393103448275885,0.17463931034482622,0.020378620689655118,-0.21301931034482816,0,0,20,2,21.61283554216866,0,6.85,4
334,17.169954482758612,0.21443517241379273,24.443999999999935,-0.11462068965517291,0.22001448275862062,0.01354344827586208,0.2933344827586213,0,0,20,2,24.177757831325334,0,9.42,3
335,20.628420689655183,-0.06761931034482754,24.443999999999935,-13.03462068965519,0.1544344827586205,0.0,-0.03565655172413785,0,0,20,2,21.967960240963855,1,11.99,3
336,23.448125517241433,0.11307310344827591,24.443999999999935,0.1655862068965517,0.21327999999999983,0.0,0.061198620689654225,0,0,20,2,22.516097590361454,0,1.83,2
337,23.35687999999996,-0.009895172413793112,24.393426206896482,-0.13400000000000015,0.17628206896551657,0.0036855172413793108,-0.0822993103448276,0,0,20,2,21.634277710843346,0,2.61,2
338,8.89276923076923,-0.19742307692307692,11.110999999999997,-0.8115384615384615,0.13134615384615383,0.0,0.6188076923076923,0,0,20,3,12.64316,0,4.66,4
339,14.601115384615385,-0.3236538461538461,11.110999999999997,0.16538461538461535,0.0900769230769231,0.0,-0.07161538461538462,0,0,20,3,16.14596,0,15.53,4
340,9.298923076923078,-0.06350000000000001,11.110999999999997,-24.6,0.13646153846153847,0.046730769230769235,0.025538461538461527,0.9247692307692308,11.839230769230769,20,3,5.69572,0,4.51,3
341,16.052230769230768,-0.0971923076923077,11.110999999999997,0.16923076923076924,0.11226923076923073,0.0,-0.0011923076923077082,3.3842692307692315,54.303384615384616,20,3,13.89956,0,4.9,3
342,15.97269230769231,-0.195,24.443999999999996,-13.36923076923077,0.13676923076923078,0.0,0.09780769230769233,-0.007692307692307693,-0.10946153846153847,20,3,11.038919999999997,0,2.03,2
343,13.835192307692306,-0.3568461538461538,14.187846153846145,-1.1230769230769229,0.07565384615384615,0.002192307692307692,-0.1422692307692308,0.017076923076923076,0.28519230769230774,20,3,11.913440000000001,0,2.73,2
344,7.5393181818181825,0.14190909090909093,11.110999999999997,-0.29090909090909095,0.13145454545454544,0.0,0.7498636363636364,0,0,21,1,12.390799999999997,1,17.93,4
345,15.87181818181818,0.3372727272727273,11.110999999999997,0.1818181818181818,0.11004545454545456,0.0,-0.015409090909090905,9.668,154.13418181818182,21,1,16.841,0,5.99,4
346,16.605636363636364,0.2857272727272726,11.110999999999997,-0.5954545454545455,0.10845454545454546,0.00040909090909090913,-0.04963636363636364,1.3926363636363635,21.52890909090909,21,1,2.504066666666668,0,4.39,3
347,13.371454545454547,0.29504545454545456,10.100909090909088,-24.227272727272734,0.1637727272727273,0.010772727272727272,0.16459090909090912,2.2545454545454544,23.257272727272728,21,1,11.829033333333333,0,8.74,3
348,17.708636363636366,0.37813636363636366,14.14122727272727,-1.3954545454545455,0.12463636363636361,0.0,-0.02672727272727273,0,0,21,1,19.63843333333333,0,3.55,2
349,16.26740909090909,0.2080909090909091,22.221818181818186,-12.718181818181817,0.1105,0.0,-0.05727272727272726,0,0,21,1,12.323866666666667,0,5.29,2
350,12.30220870113494,1.2504016393442627,24.42858764186654,1.2126733921815813,0.2095390920554868,0.0,0.8404993694829755,125.21494955863805,62.510501261033994,21,2,15.555011387900361,0,5.78,4
351,25.712369482976037,0.7536317780580073,24.444000000000212,0.2657629255989911,0.2995088272383375,0.0,0.10936822194199242,0,0,21,2,25.474758718861196,1,12.95,4
352,23.008305800756645,0.33823076923076945,24.444000000000212,-10.67433795712484,0.14501134930643092,0.0,-0.13632471626733947,0,0,21,2,23.03527473309606,0,3.43,3
353,22.17506557377048,0.7625472887767963,24.444000000000212,-0.8472257250945805,0.21950882723833742,0.0,0.11991424968474118,0,0,21,2,24.36360782918149,1,5.98,3
354,25.44176040353089,0.7226153846153833,24.444000000000212,-0.10277427490542246,0.23059836065573558,0.0,0.06409016393442586,0,0,21,2,26.169545907473314,0,1.65,2
355,24.282739596469103,0.41499180327868906,24.42858764186654,-12.094388398486748,0.15431084489281147,0.0,-0.14973707440100884,0,0,21,2,26.148167259786433,0,3.82,2
356,10.069,0.15750000000000003,11.110999999999997,0.33846153846153837,0.15211538461538462,0.0,0.6634615384615385,0,0,21,3,16.60644,0,5.47,4
357,16.84211538461538,0.4434615384615386,11.110999999999997,-0.5192307692307693,0.11503846153846156,0.0,-0.029653846153846163,0.13088461538461538,2.2180769230769233,21,3,12.907839999999998,0,8.35,4
358,7.095923076923077,0.7776923076923077,11.110999999999997,-23.646153846153844,0.12215384615384615,0.09373076923076924,0.018846153846153915,9.2135,49.766423076923076,21,3,9.266240000000002,0,4.94,3
359,14.171807692307688,0.5938846153846153,11.110999999999997,0.04615384615384615,0.08573076923076924,0.02746153846153846,-0.40207692307692305,4.420384615384616,74.66130769230769,21,3,12.340120000000002,0,4.9,3
360,16.457346153846153,0.10807692307692306,23.418384615384618,-12.792307692307693,0.19892307692307687,0.0,0.45007692307692315,2.833653846153846,47.670923076923074,21,3,18.519719999999996,0,2.51,2
361,12.958307692307692,-0.05946153846153848,15.726269230769223,-0.8461538461538463,0.14038461538461539,0.03338461538461539,-0.0589615384615384,2.7990769230769237,40.99319230769231,21,3,10.375119999999999,0,1.91,2
362,9.318343750000002,0.14371875000000003,11.110999999999995,0.6249999999999998,0.11596875,0.0,0.47418750000000004,2.59078125,37.10075,22,1,13.647518518518519,1,11.59,4
363,15.579499999999998,0.7491874999999999,11.110999999999995,-0.26875,0.10765624999999998,0.0,-0.019312499999999986,4.7789375000000005,75.26003125,22,1,16.055777777777777,1,24.36,4
364,4.913718749999998,0.5219374999999998,11.110999999999995,-0.006249999999999964,0.013343750000000001,0.0451875,-0.46690624999999997,0,0,22,1,11.066629629629631,0,6.11,3
365,3.559812500000001,0.62571875,11.110999999999995,-28.831250000000004,0.038875000000000014,0.0079375,0.21487499999999998,1.1311875,6.5008125,22,1,16.764222222222223,0,5.59,3
366,10.2484375,0.8961875000000001,11.110999999999995,-0.3687499999999999,0.095875,0.0,0.18724999999999997,2.8514375,30.31625,22,1,15.726925925925926,0,4.72,2
367,13.44425,0.5361874999999999,21.944062499999994,-8.287500000000001,0.08962500000000001,0.0,-0.01603125,0,0,22,1,11.580444444444447,1,6.3,2
368,9.920504256712512,1.1989692206941722,24.427992141453927,-1.456188605108057,0.1654256712508174,0.0,0.7483352979698744,49.91978127046493,36.239445317616244,22,2,8.977422431161854,0,5.9,4
369,20.000723641126278,0.7994839554682384,24.4440000000001,-0.025147347740668492,0.16252848722986238,0.0,0.043214145383103975,0,0,22,2,26.428874412357285,1,10.5,4
370,20.107415848068012,0.618120497707923,24.4440000000001,-0.9123772102161093,0.15766863130320888,0.0,0.008942370661427645,0,0,22,2,28.851125587642688,0,4.13,3
371,19.895201702685043,0.04949312377210204,24.4440000000001,-11.702226588081142,0.15104584151931694,0.0,-0.02729338572364111,0.9067799607072691,17.691629993451212,22,2,28.227519811954437,0,5.27,3
372,19.5937681728882,0.7588159790438779,24.4440000000001,0.5005893909626699,0.15546234446627288,0.0,0.013212835625409276,4.364931237721018,85.5985874263261,22,2,28.512048354600434,0,3.43,2
373,19.71191093647682,0.7908867059593938,24.395976424361585,-0.0960052390307809,0.14979567779960487,0.0,-0.013169613621479986,0.16594040602488544,3.286086444007858,22,2,26.519819341840147,0,4,2
374,5.295041666666667,0.2783333333333334,11.110999999999997,1.0583333333333331,0.07845833333333334,0.0,0.475875,0,0,22,3,12.858730769230771,0,5.9,4
375,13.571916666666667,0.6751250000000001,11.110999999999997,0.25,0.11970833333333336,0.0,0.1344166666666667,1.0446666666666669,14.814374999999998,22,3,15.95073076923077,3,17.31,4
376,14.495291666666668,0.25095833333333334,10.648041666666662,-29.8125,0.09229166666666666,0.004333333333333333,-0.19841666666666669,0.49041666666666667,6.601166666666667,22,3,11.0325,1,8.4,3
377,10.455083333333334,0.05145833333333333,10.648041666666662,3.454166666666668,0.10791666666666666,0.0,0.18737499999999999,8.066500000000003,85.35424999999998,22,3,14.437192307692309,0,4.26,3
378,10.966875,0.1299166666666667,13.333166666666665,0.1666666666666667,0.09245833333333336,0.025374999999999998,-0.15179166666666666,3.523916666666667,47.055125000000004,22,3,13.837884615384613,0,3.08,2
379,12.702166666666663,0.39529166666666665,23.4255,-11.362499999999999,0.11475000000000002,0.0,0.1485416666666667,6.782875000000001,87.54479166666668,22,3,10.879807692307692,1,5.94,2
380,8.7711,0.44099999999999995,11.110999999999994,1.8750000000000007,0.113425,0.002675,0.3456499999999999,2.75145,43.4187,23,1,14.580061224489796,0,3.78,4
381,14.021400000000003,0.8741249999999997,10.277674999999995,-0.02250000000000014,0.09855,0.008575000000000001,-0.11204999999999998,2.8573000000000004,41.99182499999999,23,1,12.77977551020408,0,8.58,4
382,3.6198499999999996,0.3166750000000001,11.110999999999994,-17.0675,0.05349999999999999,0.03945,0.035224999999999965,48.69160000000001,61.9448,23,1,17.18567346938776,1,4.88,3
383,13.457175000000001,0.6673000000000002,14.110924999999998,-0.7375,0.09607499999999998,0.0,0.01792499999999999,2.1602500000000004,26.048500000000008,23,1,9.376489795918365,0,2.28,3
384,13.915499999999998,0.17377499999999993,20.77742499999999,-8.2625,0.12295,0.0027749999999999997,0.07562499999999997,0.8796750000000001,14.078824999999998,23,1,7.565285714285715,0,1.88,2
385,12.711199999999995,0.01732500000000002,6.944374999999998,-1.5399999999999998,0.09712500000000002,0.036725,-0.25685,2.370225,20.4936,23,1,9.423244897959181,0,2.67,2
386,11.411642147117307,1.4008305168986073,24.431850894633037,0.009741550695826117,0.1483921471172961,0.0,0.51341550695825,109.15967097415499,42.687574055666005,23,2,6.82903147353362,0,2.67,4
387,22.837984592445345,0.9301317097415502,24.444000000000834,-0.06088469184890674,0.30920377733598253,0.0,0.3222276341948318,0,0,23,2,21.159751072961374,1,5.55,4
388,28.251527335984107,0.6710894632206749,24.444000000000834,-9.666550695825011,0.2794676938369786,0.0,0.06336729622266439,0,0,23,2,24.101935622317583,0,2.54,3
389,28.8909115308151,0.9275149105367788,24.444000000000834,-2.973161033797219,0.266280318091448,0.0,0.013027335984095395,0,0,23,2,22.124927753934152,0,3.74,3
390,27.92835387673959,0.535662027833002,24.444000000000834,-7.369681908548693,0.2715974155069597,0.0,0.045938369781312126,0.6580989065606365,18.114040258449315,23,2,21.25383190271823,0,1.97,2
391,29.880962226640193,0.9161033797216703,24.431850894633037,-9.477783300198816,0.3019711729622271,0.0,0.0539279324055662,4.2141406560636145,126.26633200795241,23,2,22.312592989985703,0,2.31,2
392,9.361555555555555,0.3074444444444445,11.110999999999995,1.2333333333333332,0.12044444444444445,0.004722222222222222,0.3901111111111111,0,0,23,3,12.366045454545455,0,3.08,4
393,15.313499999999998,0.4304166666666667,10.18508333333333,-0.036111111111111135,0.12563888888888883,0.03216666666666666,-0.26963888888888893,0.34736111111111106,6.105111111111111,23,3,15.042227272727274,0,3.77,4
394,-3.5075555555555553,-0.3839166666666667,6.172777777777776,-16.680555555555557,0.09858333333333334,0.16202777777777777,-0.08074999999999982,0,0,23,3,7.85718181818182,0,2.75,3
395,13.315027777777779,0.3085277777777778,11.110999999999995,-36.472222222222236,0.19297222222222224,0.018972222222222224,0.39591666666666653,0,0,23,3,15.594500000000004,1,4.68,3
396,14.275805555555555,-0.1058888888888889,22.221833333333322,-9.791666666666668,0.18158333333333337,0.08247222222222222,-0.27361111111111114,2.780361111111111,46.80805555555556,23,3,13.37168181818182,0,1.71,2
397,13.622722222222226,0.27591666666666664,11.666527777777771,-0.19722222222222235,0.1463888888888889,0.0019166666666666668,0.30836111111111114,2.961611111111111,47.68049999999999,23,3,17.74313636363636,0,2.27,2
398,8.441391304347826,0.11239130434782608,11.110999999999995,-1.704347826086957,0.1272173913043478,0.0,0.6056521739130434,0,0,24,1,11.752625,0,7.06,4
399,15.599217391304347,0.44360869565217387,11.110999999999995,0.0391304347826087,0.12721739130434784,0.0,0.07769565217391304,10.095478260869566,159.00995652173916,24,1,16.50541666666667,0,13.61,4
400,16.38704347826087,0.3577391304347825,10.627913043478257,-0.16521739130434782,0.10499999999999998,0.00491304347826087,-0.11699999999999999,0.905391304347826,14.584434782608696,24,1,11.226541666666668,1,4.61,3
401,9.250260869565215,0.4035217391304347,10.144826086956519,-32.686956521739134,0.09800000000000002,0.012086956521739129,0.05843478260869573,0,0,24,1,12.635625,0,4.41,3
402,16.491695652173913,-0.039739130434782624,12.850086956521737,-0.13913043478260873,0.15504347826086956,0.0,0.1787391304347826,0,0,24,1,12.536125000000004,0,2.53,2
403,17.14186956521739,-0.12017391304347827,24.444,-12.660869565217391,0.0949130434782609,0.0,-0.13656521739130437,0,0,24,1,12.971416666666665,0,5.17,2
404,4.0008383705650425,1.4452273324572895,24.427939553219534,-3.694415243101186,0.1015473061760843,0.0,0.45611169513797617,0,46.357938239158955,24,2,12.291431107954544,0,4.03,4
405,19.445963206307482,0.2898331143232581,24.444000000000088,0.09027595269382348,0.26522339027595,0.0,0.5376800262812084,0,0,24,2,22.271618607954558,1,6.32,4
406,27.27110118265438,-0.262242444152431,24.444000000000088,-1.4857424441524303,0.28235611038107505,0.0,0.13092509855453366,0,0,24,2,18.11231036931818,1,6.44,3
407,28.558915900131375,-0.4252654402102498,24.444000000000088,-11.354073587385063,0.28557490144546144,0.0,0.05831011826544085,0,0,24,2,20.516164062500007,0,5.69,3
408,29.290310775295623,-0.31172207621550607,24.444000000000088,0.02463863337713583,0.2622614980289132,0.0,0.007400788436268216,0,0,24,2,23.5241761363637,0,2.81,2
409,28.562403416557196,0.21532391590013186,22.8700762155058,-13.695532194480945,0.24769119579500762,0.0,-0.007217477003942163,0,0,24,2,23.370966619318132,0,2.18,2
410,4.526903225806451,-0.06648387096774193,11.110999999999995,-2.164516129032258,0.06367741935483871,0.0,0.3750967741935483,0,0,24,3,12.09873076923077,0,12.36,4
411,14.218354838709677,0.05183870967741937,11.110999999999995,0.029032258064516134,0.12441935483870968,0.0,0.12293548387096773,0,0,24,3,14.295807692307694,0,5.29,4
412,5.182741935483871,-0.07719354838709679,11.110999999999995,-1.0354838709677419,0.029645161290322578,0.21390322580645166,-0.5516129032258064,0.830774193548387,10.04587096774193,24,3,9.69923076923077,0,5.74,3
413,6.919870967741936,0.09664516129032258,11.110999999999995,-20.61612903225806,0.08716129032258065,0.017709677419354836,0.35651612903225804,16.43041935483871,85.78696774193547,24,3,15.484076923076925,0,6.03,3
414,15.94990322580645,0.2784193548387097,15.411967741935486,-3.264516129032258,0.1455483870967742,0.0,0.15406451612903224,-0.006967741935483871,-0.11861290322580645,24,3,16.515807692307696,0,2.59,2
415,16.33048387096774,-0.6813870967741934,18.566000000000003,-8.100000000000001,0.10406451612903227,0.0,-0.07151612903225807,0.0039354838709677415,0.06516129032258064,24,3,10.559192307692307,0,2.55,2
416,8.515516129032259,0.2236129032258064,11.110999999999995,1.5741935483870961,0.13051612903225804,0.0,0.5594516129032258,2.4005806451612903,38.71393548387097,25,1,10.925761904761906,0,4.02,4
417,14.308516129032258,0.30154838709677423,11.110999999999995,-0.11935483870967747,0.10129032258064516,0.0,-0.0035806451612903096,3.5161290322580645,55.4263870967742,25,1,15.818523809523802,0,5.5,4
418,7.638225806451612,0.3876129032258065,11.110999999999995,-1.154838709677419,0.06703225806451613,0.2638064516129032,-0.5023870967741935,0,0,25,1,16.454666666666668,0,3.85,3
419,5.920741935483873,0.7418387096774195,11.110999999999995,-19.764516129032256,0.08016129032258063,0.09251612903225806,0.415483870967742,6.313645161290322,95.06074193548388,25,1,13.60795238095238,0,2.82,3
420,16.131580645161293,0.3953225806451612,15.411967741935486,-2.7677419354838713,0.1476774193548387,0.0034838709677419357,0.12735483870967745,0,0,25,1,17.675428571428572,0,1.74,2
421,12.723612903225805,-0.07641935483870968,21.146580645161286,-7.329032258064514,0.06248387096774193,0.0,-0.2150967741935484,1.0222580645161292,11.36667741935484,25,1,17.04204761904762,0,2.91,2
422,7.547541214057525,1.556178913738016,24.428380830671095,-3.182619808306706,0.16792651757188587,0.054284345047923316,0.7145431309904144,113.55410798722043,45.683251118210826,25,2,16.04404153147308,0,3.3,4
423,24.01211565495206,0.9407182108626201,24.444000000000173,-0.1909904153354624,0.3662153354632598,0.0,0.44585111821086265,0,0,25,2,25.999701492537334,0,6.38,4
424,29.918835782747625,0.025163578274760297,24.444000000000173,-10.088051118210869,0.2589418530351415,0.021371884984025896,-0.2955667731629388,0,0,25,2,22.633696301103182,0,3.04,3
425,23.08758019169326,0.5674888178913738,24.444000000000173,-1.0216613418530345,0.26181086261980696,0.006523322683706053,0.22463769968051076,0,0,25,2,22.408112264763147,0,2.78,3
426,28.228607667731612,0.4109591054313093,23.085132268370604,-0.7115654952076677,0.2770837060702852,0.0,0.06043897763578363,0,0,25,2,25.520649578195975,0,2.48,2
427,19.35706389776358,0.3766236421725248,24.428380830671095,-12.934121405751053,0.022272204472843515,0.010995527156549473,-0.649842172523961,0.9511731629392981,15.202543130990433,25,2,24.197503569110967,0,1.69,2
428,7.387774193548387,0.21087096774193545,10.752580645161286,-43.3806451612903,0.32183870967741923,0.0,0.4634193548387096,2.6286129032258065,35.27661290322581,25,3,12.700000000000001,0,3.75,4
429,16.44467741935484,0.7538064516129033,11.110999999999995,0.45161290322580644,0.11296774193548388,0.021354838709677422,-0.2779032258064516,6.071096774193547,102.86445161290322,25,3,15.725884615384611,0,6.38,4
430,9.143354838709676,-0.05712903225806455,11.110999999999995,-20.512903225806454,0.14587096774193548,0.086,0.3020967741935484,7.2143225806451605,8.04541935483871,25,3,8.245884615384615,0,3.04,3
431,12.18732258064516,-0.24896774193548388,17.13235483870968,-2.5806451612903225,0.1626451612903226,0.05187096774193548,-0.027129032258064463,3.5705161290322582,31.906612903225806,25,3,13.166423076923078,0,2.78,3
432,13.508903225806453,0.157741935483871,22.293516129032252,-9.325806451612904,0.14048387096774193,0.03151612903225807,-0.10583870967741937,3.152548387096774,50.578161290322576,25,3,17.282538461538458,0,2.48,2
433,13.411838709677417,-0.006741935483870981,10.752580645161286,-0.23548387096774195,0.10822580645161287,0.02454838709677419,-0.23887096774193545,3.9959354838709675,55.98793548387096,25,3,11.770384615384616,0,1.69,2
434,11.622212121212122,-0.037454545454545456,11.110999999999995,0.8363636363636364,0.16578787878787876,0.0,0.6241212121212122,1.4794545454545456,28.857454545454548,26,1,10.739531250000002,0,5.21,4
435,16.743515151515155,-0.26330303030303026,10.437606060606056,0.006060606060606141,0.061454545454545456,0.009303030303030303,-0.40318181818181814,4.825818181818181,87.77357575757577,26,1,15.489,1,6.35,4
436,15.661939393939395,0.2507878787878788,11.110999999999995,-17.263636363636365,0.20203030303030303,0.03554545454545455,0.04251515151515143,3.4194242424242427,56.20766666666666,26,1,3.608625,0,3.32,3
437,20.60487878787879,-0.0386060606060606,20.80772727272727,-10.103030303030303,0.2681515151515152,0.0,0.5503333333333332,1.014,25.08587878787879,26,1,4.204500000000001,1,5.59,3
438,14.292787878787877,-0.29636363636363633,11.110999999999995,-0.12121212121212137,0.05503030303030304,0.014393939393939393,-0.430090909090909,2.413424242424243,36.59987878787878,26,1,10.7979375,0,2.96,2
439,11.139303030303033,0.11812121212121211,10.774303030303026,-20.978787878787873,0.1658787878787879,0.017666666666666664,0.29221212121212115,0.2293333333333333,2.901969696969697,26,1,12.224281250000002,0,2.45,2
440,11.310360489882854,1.1747577209797675,24.43098402555977,1.2687433439829632,0.29418583599573916,0.0,0.8993099041533563,356.46165388711387,37.569416932907295,26,2,12.138713235294125,1,4.42,4
441,31.796884451544187,0.2534818956336522,24.444000000000667,-2.5611288604898848,0.35993024494142684,0.0,0.12173003194888321,0,0,26,2,20.08514572192508,0,5.36,4
442,28.007632055378092,-0.16788232161874336,24.444000000000667,-7.61048988285408,0.24699254526091383,0.0,-0.044693290734823844,0,0,26,2,20.12255815508016,0,3.03,3
443,30.463252928647517,-0.03457933972310967,24.444000000000667,-6.5153887113950955,0.28529765708200155,0.0,-0.03292705005324787,0.6890138445154423,19.63018477103301,26,2,19.843379679144405,0,2.6,3
444,28.428253993610216,-0.184541533546326,24.444000000000667,-4.206230031948895,0.3399078807241748,0.0,0.14150851970181025,3.474679446219376,97.55473588924384,26,2,19.604375668449375,0,1.62,2
445,31.691890841320603,-0.29880724174653905,24.444000000000667,-10.715814696485625,0.30527635782747214,0.0,-0.07758146964856255,0.22404100106496272,6.384890841320561,26,2,19.698385695187206,0,2.5,2
446,5.9725624999999996,-0.095125,11.110999999999995,2.0093750000000004,0.1136875,0.0,0.5731562499999999,0,0,26,3,7.624217391304349,0,4.6,4
447,17.246062500000004,0.029750000000000002,11.110999999999995,-0.06250000000000017,0.13284374999999998,0.048718750000000005,-0.58421875,2.4165937499999997,6.1633125,26,3,14.003608695652172,0,3.1,4
448,13.651968749999998,0.17593750000000008,11.110999999999995,-15.599999999999996,0.17900000000000002,0.01740625,0.4401874999999999,13.578093750000003,46.12768749999999,26,3,13.954130434782613,0,5.06,3
449,16.359156249999998,-0.04825,21.527406249999995,-10.331249999999997,0.20537500000000006,0.022,0.18474999999999994,2.0065,33.46015625,26,3,10.750782608695653,0,2.42,3
450,15.479750000000001,-0.4459687500000001,13.194281249999992,-1.06875,0.16628125000000002,0.0511875,-0.28603124999999996,2.6997187500000006,44.61496875,26,3,10.83317391304348,0,3,2
451,10.622749999999998,0.06409375000000003,10.763781249999996,-15.365625,0.16249999999999998,0.02515625,0.27556249999999993,31.816249999999997,45.517375,26,3,13.254434782608692,0,2.8,2
